,x1,x2,x3,x4,label,raw
0,-4.211174938064258,-1.316761248577979,5.821032679261135,-5.681003254506399,1,2
1,-4.14732144939245,-0.6233874969603145,4.405133603643869,-5.0115692079664225,1,2
2,-5.10960735743654,-0.9636043783102821,4.935517122730139,-6.315647154772086,1,2
3,7.634073800553277,9.51957798307454,-6.84279123811721,2.872924505390846,1,3
4,9.542554051182364,0.09629857596321434,9.484586638723938,3.4897715423533526,0,0
5,6.591224984220798,9.559369578043933,-7.476304169228525,1.9334986536820804,1,3
6,3.712558503012805,-5.617197606399812,9.262071880117363,-9.979354328221664,0,1
7,3.5430705976367687,-4.969398330835327,9.660032318682944,-9.165146330842308,0,1
8,-4.881182231784716,-0.9884010482681586,5.204735307435743,-5.344822442438669,1,2
9,9.684608822617903,0.42424717551319935,9.25563707684164,4.493116884036813,0,0
10,9.082466419906666,2.2156053035786227,9.418851787331429,5.121919657108469,0,0
11,7.096243801718815,9.449248328096251,-6.6007829648060286,1.092506769199856,1,3
12,6.77700995876725,8.95282157469406,-7.431353857776301,2.1538651893928904,1,3
13,-4.460188266194746,-1.6619090392469895,5.3940233621881655,-6.748869691980025,1,2
14,10.275645012190987,2.0340146461181483,9.916842675227313,4.562457526636232,0,0
15,7.272497670100105,10.146825781008253,-7.25436406805358,1.5606333495551827,1,3
16,3.5631365816896614,-5.64408123716464,10.028830396743391,-9.697920250554619,0,1
17,9.00998208391518,0.18862273806153929,10.227029352005978,3.1921381507020077,0,0
18,9.381937171064648,1.0040885180765657,9.392124586564135,4.834957737590694,0,0
19,7.291611895558322,10.20305203909528,-6.556216751007185,2.3098491251737943,1,3
20,4.39280755723307,-5.343922510408348,9.004071667491525,-8.586415237521038,0,1
21,-6.326105826715354,-0.9980840074628349,4.688297175357006,-6.199786395676203,1,2
22,-4.934514161410737,-1.0802415558414806,6.0781701268410915,-5.1026312974243275,1,2
23,8.546581355222594,0.5677077260649377,9.253980323360226,4.1342107156272005,0,0
24,3.88172029453493,-5.984087238807009,8.593148996539432,-10.176282594218414,0,1
25,-4.620429791626905,-0.7205046699129497,6.070653626164499,-6.037614718547087,1,2
26,4.189301572267675,-6.067293327063364,8.982270208370105,-8.965589438017448,0,1
27,9.728141688731302,0.7693279897342677,9.840860246666061,4.604044118577831,0,0
28,9.858512941988216,1.3210388961071222,9.998155624848708,4.567568445149393,0,0
29,9.29538259668551,2.0298529692149043,9.79463604210857,4.35094171097847,0,0
30,4.522500015525439,-5.033080211018366,9.12216585565433,-11.048522731316956,0,1
31,7.554341479859798,9.620217560020736,-7.050496525673082,2.304708302168681,1,3
32,7.582113357980979,9.166120875938619,-6.007074544815313,0.9673187276001117,1,3
33,7.437810390386493,9.870507575362183,-6.8645037082697025,1.7238177105699541,1,3
34,-5.093644649428044,-0.3285870380166843,5.694061758915638,-4.566634157713447,1,2
35,10.702082221314038,0.6841056932047711,8.220531035294615,5.856929885245988,0,0
36,6.580682260280012,9.926557987151092,-7.416789177558497,1.1393036177457,1,3
37,-4.007737432908162,-1.1623021285220476,5.84319955423649,-6.588500324095337,1,2
38,7.1230972924120834,9.717253418508413,-7.110054792561081,1.9571894575093154,1,3
39,3.2222585672166257,-4.701339723050664,9.418503636145577,-9.497344329761425,0,1
40,3.6875314653016975,-6.257366638928412,8.907364410242735,-9.747249651532234,0,1
41,7.199784079004927,9.11633631669,-5.89096295686598,1.024148782609522,1,3
42,-4.494876334867534,-1.359384615984411,5.73548563716574,-5.508546482641324,1,2
43,-5.33411101239423,-1.0065458265148557,4.951534164835585,-6.301668487602807,1,2
44,8.033912453034294,10.588301790150046,-6.0570503535074565,2.639392542409683,1,3
45,-5.208141888034219,-0.3541310972602787,5.2310148038210444,-6.139923681604785,1,2
46,3.6319235317748477,-4.515813695150713,10.073685789292199,-9.730110487512324,0,1
47,-4.941564856913508,-0.6895104447585961,5.856336560972688,-5.813859072025321,1,2
48,4.419626144742888,-5.492638318803578,8.589701147527327,-10.255139947655206,0,1
49,3.0064943325871916,-5.662586105816208,8.950250741752354,-8.693092164890462,0,1
50,6.6055219059311,9.41967885779151,-6.7864494745594754,2.187595628688635,1,3
51,7.358018421284396,9.805267861653498,-7.348760105443698,2.0629456696928434,1,3
52,3.4170280459204037,-6.392302921106202,8.95803482565425,-9.595462065403026,0,1
53,3.751179234787186,-5.980020167073509,9.88536246720913,-10.284726192124763,0,1
54,8.374802110718162,8.751636928828747,-7.541853767255805,1.5984209624088308,1,3
55,7.211683572767383,8.840038069526113,-5.78354352720994,2.46042285969497,1,3
56,3.8104515676861377,-5.4438542843940825,9.709494880054583,-9.467488203180642,0,1
57,4.683021154327149,-5.38362635071585,10.532754413703858,-10.044033358517098,0,1
58,7.737287069912923,9.440497788282045,-6.3425015837172145,1.1353672817507618,1,3
59,4.9556844234690995,-5.449021125705458,10.313281858531576,-10.30811628494003,0,1
60,7.9233740975863345,10.456650428913179,-7.282406511313638,2.830046931711828,1,3
61,8.547509363341472,1.437388421144646,10.223459409426443,4.043735844216608,0,0
62,6.864027954214305,9.430084955470724,-5.926862064142151,1.9582110879263723,1,3
63,4.381967167251539,-5.890773512167014,9.508412513212177,-10.720250549650773,0,1
64,9.621610522235569,-0.02434426309101445,9.337568994076554,4.917457635513946,0,0
65,-3.910145678365617,-0.5714454369147358,6.468003611178888,-6.599735340164156,1,2
66,4.022714815523506,-6.216777059144136,9.99297266482547,-8.605577315705602,0,1
67,-5.083515194092568,-1.2533463949570316,6.401196644354869,-6.265140561636529,1,2
68,9.221391874271292,0.7080352269369607,10.010150116843018,3.6900492140796013,0,0
69,3.939502987095141,-5.7331951458764685,9.132148372207569,-10.193636908259972,0,1
70,6.854764200558986,10.457891839450989,-7.165953754766007,2.4273165577072198,1,3
71,-4.939273635683638,-0.8988012408355781,5.539686807445917,-5.655868945990997,1,2
72,6.27646403942571,10.321204977617114,-7.036829985528016,1.6078554920350783,1,3
73,7.694538364556763,9.48006205600242,-7.142436818539824,2.8940757287182386,1,3
74,3.7988109060498294,-5.653757078175854,9.146193922166468,-9.680045371105766,0,1
75,-6.331149397153404,-1.7097494343843023,5.250767728463906,-5.86858533521815,1,2
76,6.379097041005644,9.083238737347525,-7.245364089158027,2.1459165474113777,1,3
77,6.939570594378439,9.178217799348003,-7.207212315016356,1.8030826263819897,1,3
78,3.2191269314064392,-5.937187120664274,9.071625916470499,-9.852394276398865,0,1
79,-5.077146698903491,-1.4118166571763973,5.901101571388627,-6.523653751388525,1,2
80,-4.961560124615933,-1.4640495560949056,5.140587906312491,-6.848078414291661,1,2
81,7.53788911879973,8.794043737229162,-6.776590169699974,1.1683352223282062,1,3
82,4.285781535999574,-5.573916076096908,9.668228648750317,-10.018910002962965,0,1
83,8.86026333468516,9.67018413250409,-6.303949457369283,2.5574509930624143,1,3
84,4.373814256909253,-5.798949452049287,10.142907621593736,-10.371949780506204,0,1
85,9.578527722270016,-0.0029719730752038043,9.01444437563871,4.495969907517175,0,0
86,-5.775279671872478,-1.9258087563253214,5.449077215180096,-5.766194252431182,1,2
87,8.718758107165616,1.555625923353964,9.5071810845028,4.17506006399521,0,0
88,-4.0159457421627955,-1.3361734681768298,5.901043620509411,-5.134722836498601,1,2
89,7.735065727929469,11.043539329460968,-6.085727785872007,1.6194513403959714,1,3
90,-5.763962087256728,-1.3420415345230947,5.134981132810905,-6.833329564386794,1,2
91,-5.134712292321263,-0.9410471058250711,6.355084363496702,-6.042736507568531,1,2
92,8.874271653465645,1.1093958702050621,9.111301651593159,4.493584202351942,0,0
93,9.357434346047246,0.7563842733186852,9.499194911029692,4.161626334120681,0,0
94,6.812288169733491,10.187049961596012,-6.693108117687904,2.6631333256419674,1,3
95,7.00872353454028,10.667657741759134,-6.8063393157473335,1.7110048258349977,1,3
96,-5.008034902238315,-1.6482509801954128,5.013029623314732,-5.663030697367545,1,2
97,3.777532226585583,-5.485487753163712,8.802603886611012,-10.125540005027332,0,1
98,4.625084560413611,-5.865501357185154,9.617830968595868,-9.335516118578655,0,1
99,7.147422532274464,9.2122220145448,-8.150863258188325,2.7244900126371787,1,3
100,7.743105031869259,10.107026715883896,-6.613606654626297,1.8736891504099535,1,3
101,-3.92950213081961,-0.5696483897472115,4.886927358893695,-6.0649280561922145,1,2
102,7.0021725420776,9.044513849745416,-6.5609886606373,1.2728949659531175,1,3
103,7.16106364106533,10.341846635535628,-7.288899646998455,1.9529615512636709,1,3
104,-4.902498542282226,-1.3244751527046854,5.694395652406896,-6.010340322909569,1,2
105,8.030167825036276,9.704085061772625,-6.346659548185799,1.1006360037583949,1,3
106,9.121188663528718,1.4881365688905959,10.822788127587947,3.9973614599667746,0,0
107,-4.474743157384262,-1.0841723904714873,5.026558007797946,-6.45750033323208,1,2
108,3.1516985627785856,-6.196587886266172,9.717285962542057,-9.367458689281344,0,1
109,4.352516672613093,-4.996433665984457,8.9911076023226,-9.004050346196546,0,1
110,7.2747228830614485,9.297013350285951,-6.589521329271049,2.8146425886754107,1,3
111,4.187055552069811,-5.6236881482205705,9.957749363917406,-10.672911650717634,0,1
112,7.491478042553262,9.96526316631079,-7.549744902056098,1.9561807262173407,1,3
113,8.458241937637649,1.8191771934149723,10.353681167313924,4.8003964985028595,0,0
114,-6.06747675414063,-1.4275557389697715,4.733693099880538,-5.453712749397225,1,2
115,4.144950445009822,-5.820004489169549,8.71545910484959,-9.00371129777279,0,1
116,6.7614639803156,9.481439764842458,-7.426886381808107,1.3502524131218765,1,3
117,9.144905923981453,0.2540883629002707,9.855920857113446,4.585593267657887,0,0
118,7.546834327068221,10.342330415723957,-6.882162269201006,2.0056777452474694,1,3
119,4.480546203499761,-6.309562015229558,9.587593639013194,-10.616417762510816,0,1
120,6.556889990564835,9.351250580163335,-6.113049858192978,2.2390306245455713,1,3
121,4.411383022507457,-5.044693150612716,9.890964793292106,-10.028987681946148,0,1
122,-4.352646705213677,-1.2333046573440618,6.456512123423596,-6.733536283193227,1,2
123,7.700205272158254,9.308957035476286,-7.869961991600418,1.5013962961421865,1,3
124,-4.714876692975012,-1.5345946389279934,6.206452173012318,-4.58628769181292,1,2
125,3.1642493615962635,-6.224145212979058,10.069684296307472,-9.637732529195572,0,1
126,-5.42249580342023,-1.7169828720277378,5.182353758468475,-6.489063307854996,1,2
127,4.073610962688833,-5.06841747781398,9.321569887747449,-10.04901337100431,0,1
128,7.0360869983581615,9.287536692858207,-6.363523711783591,2.1155170920231585,1,3
129,3.254768716576672,-5.857788319809734,9.734318643844336,-9.85420624461308,0,1
130,3.8561193967294867,-5.427767478195029,8.946849841865593,-10.780342338396759,0,1
131,7.554291876320779,8.449015276840612,-6.464287305739823,2.649437711338802,1,3
132,-5.35009482704982,-0.3661154036399127,5.568832829578477,-6.318189453726768,1,2
133,-4.890811356976807,-1.6582563014686,4.818159046982382,-5.742810597102977,1,2
134,-5.900652191587046,-1.4207538504276251,4.470828372274163,-6.975260401333953,1,2
135,4.291517808458214,-5.058497562656298,10.120707970623052,-9.410372103229925,0,1
136,9.519153826338265,0.8992950325008418,9.866223276371716,3.7531727302299975,0,0
137,-5.070192444089736,-1.0795850704882561,4.26923648053851,-5.712638409752509,1,2
138,4.0629876017445925,-5.01625778965832,9.62594969859897,-9.732048419722613,0,1
139,7.335379787960409,9.773667128741225,-6.522575632558979,2.2674381922012503,1,3
140,9.070184716070532,0.3928106453261595,9.188996022597687,4.350229922087505,0,0
141,7.400934767601376,9.900678235813476,-7.245337454331871,2.381351617475677,1,3
142,4.290592670053919,-5.855598176911159,9.797864754861495,-9.889131892109338,0,1
143,7.729552591074603,9.778948081397072,-6.865513716974162,1.9860672152112377,1,3
144,9.87522799473405,1.2376636745203013,9.176028828133273,4.200299692100829,0,0
145,-5.015005416351188,-1.8490519057748136,5.956794722753135,-5.966290606208662,1,2
146,9.66922303399036,0.6885469496464349,9.19203661190339,4.461723246700508,0,0
147,4.279816863468397,-6.051770739272058,10.370097002487936,-10.39291855548214,0,1
148,3.940725137374038,-5.974580374863307,9.272832575627469,-10.744808360242136,0,1
149,-5.549029304250685,-1.683583512554848,5.940897211140095,-5.782029346404248,1,2
150,4.350355310261612,-6.76100610062045,9.775017585971792,-9.634170246753902,0,1
151,-6.583068410557535,-1.6671342055596163,5.481098932883055,-6.791439980394086,1,2
152,3.8018818530944483,-5.641074230261938,10.026787953717063,-10.031988035832907,0,1
153,9.437410062610253,0.008213117731672992,9.14682563120378,4.288126061327515,0,0
154,-4.3394909886348865,-1.6284016840002447,5.30519034008946,-5.4458499153058835,1,2
155,-5.10027775702035,-2.198574048317036,6.039463352087952,-6.568853056128728,1,2
156,8.051975327296097,10.30009986494947,-6.422061132270334,3.2367228186439148,1,3
157,8.305364618197022,9.510114703608929,-7.041922467388049,3.005951222726556,1,3
158,8.74708748104524,0.6030187699856745,9.321409267434596,4.383587648871551,0,0
159,9.185922901885112,1.3906916468004082,8.813159999063801,4.581874951950615,0,0
160,3.3192087249752324,-5.032643554922028,9.154229028761268,-8.68729349892851,0,1
161,-4.626552227419675,-0.727999544644572,5.394915590944763,-7.243678136730426,1,2
162,9.92350434567874,0.7158008086474869,8.777542941231902,3.6420773155115462,0,0
163,7.600408480911309,9.270211001555884,-6.200377577897873,1.4705884991622162,1,3
164,7.620252152387208,8.966925539399298,-6.537068833870787,2.7461608117926293,1,3
165,-5.489619423305736,-0.8583378492034295,5.670938767801748,-6.600125765229572,1,2
166,6.599305612430667,9.639512914971158,-6.137438288097942,2.0274129898650837,1,3
167,3.5835458414253414,-6.135184870513904,9.163922215733415,-10.552544970663932,0,1
168,9.234195752965483,1.9220939071084837,10.556170056947828,5.233147473463693,0,0
169,-4.483146415830389,-2.1075017203762796,6.2425906882278746,-5.8811533032158865,1,2
170,-4.150600837304928,-1.1454008996934986,4.699707270325099,-6.841937604892786,1,2
171,4.461186400756286,-4.729048932182774,9.3438032718506,-10.243364136834899,0,1
172,-4.612422237762978,-1.9320682422723687,5.653435282516498,-5.9741297670435,1,2
173,9.282193781640308,1.57902991396635,9.740386711723275,4.5880673596268124,0,0
174,9.502294772602399,1.1018635853015744,9.667764583900993,4.522948165599425,0,0
175,10.028956281537203,1.8405763914390674,9.230015204585568,3.4763770790692705,0,0
176,-5.858321386531763,-0.484924857167395,5.876913244796988,-6.593061379251499,1,2
177,8.811750364603757,1.1019292017485953,9.867105581624312,4.660741682859662,0,0
178,3.7323090138993034,-5.535867388812028,10.162075586388973,-9.570796210606877,0,1
179,9.380200161863574,1.7495419620181,8.715250612057266,4.339085436055395,0,0
180,7.050708759891439,10.692462762190413,-7.611891947842681,1.64198583026901,1,3
181,-5.276376770355718,-1.1589262533705595,6.239575003638379,-6.358762192189601,1,2
182,7.186925320351099,10.368268744130965,-5.945531954632564,1.45143489617828,1,3
183,4.384658135889689,-6.610194128549919,9.280330349952196,-9.97257782009249,0,1
184,4.48075377364315,-6.032242632610725,10.171359606619284,-10.116706316947619,0,1
185,7.893192906716987,10.373026988369464,-6.262312005670351,2.319420123635876,1,3
186,4.081019978951835,-5.658594997071655,8.85371673806523,-9.6323475652606,0,1
187,7.3998735325785825,9.487790035684492,-6.777259910160317,3.1033763804805297,1,3
188,3.444881392171833,-5.897100818438692,9.38020603317552,-8.925856527238047,0,1
189,9.749670239470547,0.5912357640235393,9.326196927057644,4.362396979197917,0,0
190,7.898199092211568,9.921212658395893,-6.981451346302224,1.8389019320242344,1,3
191,6.033418600440788,9.206574538328564,-7.334100435699013,0.17611794016131244,1,3
192,-5.2318479020995,-1.1933742165396048,5.99714315462456,-5.999750815470481,1,2
193,7.100257063536843,8.80360617505116,-5.496263883090904,1.9624498821937957,1,3
194,3.128164311425452,-6.231961069053659,8.856491271066629,-9.429267272132387,0,1
195,8.532680697930294,9.481978785562,-6.15709618419232,2.2716446286046357,1,3
196,6.787147873858779,9.999594832545043,-6.865796188423987,2.070307211892848,1,3
197,7.166737427276972,9.706258959813667,-7.292311266256353,1.8639609201113083,1,3
198,6.862357868761471,9.474158326480875,-5.466737801718089,1.759734713829705,1,3
199,-4.839243035465136,-1.2921574026202458,5.451987696068377,-5.650315993641646,1,2
200,9.037024179170821,0.6730278084372803,8.639599886438706,4.32843745004452,0,0
201,8.361303943392496,10.137224153794993,-7.416069431615236,1.47063429927064,1,3
202,9.177583133154846,0.4456985734863701,9.475322918566103,4.027044353658969,0,0
203,-4.834520658010768,-0.8624080669309073,6.116838004768359,-5.408872763781722,1,2
204,9.72894760642536,1.8113485274239325,9.016520777016348,4.2289112511238685,0,0
205,7.6673378693669365,9.757877271002085,-6.122836941351881,2.297201927373674,1,3
206,6.879263745154846,10.42647591298127,-6.861019462621757,2.1567064019719817,1,3
207,6.894498648558855,8.3184986723646,-6.866532933971277,2.5516857535832167,1,3
208,-3.9427962690714446,-1.9360519686210111,6.386256005796072,-6.366182963173916,1,2
209,9.94014751714336,0.15768569168588686,9.16833573853581,4.3493914787730175,0,0
210,-5.132272123186622,-0.42126811081922777,5.901482297310875,-6.49576733122187,1,2
211,-5.341192990343433,-1.3484669338851478,5.158913382522898,-6.042426625811796,1,2
212,3.4814154883698394,-4.967834869348121,9.182145815764954,-9.424887156953444,0,1
213,10.15031918283289,0.9516225711697556,9.299326213683921,4.65052797282806,0,0
214,-4.971453827373243,-1.6590643710268935,5.335344565142146,-6.58967199816809,1,2
215,7.853891121978447,9.79689879013918,-7.362443782562192,1.801536383486725,1,3
216,-4.6891558535783755,-1.3942701011350642,5.512060328687225,-5.555173898444078,1,2
217,-5.234049227577138,-1.2419497862073299,5.025199569625928,-5.907913617780526,1,2
218,6.8389181380028585,9.511757245738472,-6.770824622303827,1.5007513922009081,1,3
219,9.231128912786557,0.5967800353764823,9.483847076039067,4.101347997390566,0,0
220,9.611166028583437,1.1297283376321432,10.165534368957868,4.55342662998879,0,0
221,5.099131131428808,-4.978063700863292,8.936058213103886,-8.655201095373032,0,1
222,4.429636326871596,-6.207931086581328,8.574113057836646,-10.141040831792361,0,1
223,-4.884602575819321,-2.1326559075407756,5.018438553477056,-5.98642063699388,1,2
224,6.822501641245738,9.345562266599421,-5.383891215416891,2.055633267953291,1,3
225,3.8007394715745773,-5.171061970154765,9.085366268521796,-10.040932183794549,0,1
226,-5.16157918743623,-1.3059557136280358,5.544758745080354,-5.389157318823818,1,2
227,8.005096549868995,9.21706921593348,-6.725491195481177,2.466640958364877,1,3
228,-4.530779822687269,-1.6051896584587098,6.108270534832332,-6.542114552632418,1,2
229,6.325814724692895,10.121004541147196,-6.779063976239922,2.4063249355276883,1,3
230,8.96153225100484,0.31458081271842686,8.976034482426762,3.6777580894261086,0,0
231,4.775127949843844,-5.287221858397774,9.790125777109086,-10.284641014167082,0,1
232,4.492214066798076,-5.379721133682874,9.67840638230159,-9.808048812384765,0,1
233,7.3957016507317,10.229664509504541,-7.538490918197892,2.982980093788676,1,3
234,3.36272187695071,-4.787998542646594,9.300294235207478,-10.246127000370892,0,1
235,7.443536077807305,9.633478300728523,-6.084032409069927,2.6865761522409044,1,3
236,10.198399663386125,0.6122279734338327,9.88158637174517,4.111762611703569,0,0
237,9.306983182472122,1.144889918069523,9.191922857955339,3.8501439764448655,0,0
238,6.801327885377476,8.88441955591994,-7.202833821475069,1.3081333324733935,1,3
239,9.035807959095743,0.544370963073398,8.831923228830147,4.564295599267038,0,0
240,3.667683763355333,-6.15263310162775,9.82119686312471,-10.176751084804934,0,1
241,-5.258834943807577,-0.9755218322733747,6.451504125346034,-6.596795805088556,1,2
242,8.890082728428226,0.8508714773434898,10.395035469604178,3.832343637813852,0,0
243,6.868020862331616,9.76818062056894,-7.6037245124840895,2.0247394374767222,1,3
244,3.286426971179819,-5.351454748601636,8.63450722769032,-9.416016033546178,0,1
245,9.662379818190262,0.9149750108489693,9.398925064068843,4.859763863144764,0,0
246,9.821491772008825,0.32298310578147305,8.874750898563134,5.144936442745909,0,0
247,3.695856132697852,-6.2368151083646515,9.288515217901082,-8.899714503608086,0,1
248,-5.7670127285632935,-0.6855289137410584,5.165802301654131,-4.8960319870796205,1,2
249,4.302233050772541,-5.949937140714727,9.745673381475447,-9.765111695698403,0,1
250,8.68439366212083,0.7456204496289351,9.400826884669808,3.9850242755523153,0,0
251,3.443432324568085,-4.589209683280222,10.0407302100465,-9.543427081441383,0,1
252,-5.194058277448609,-0.524372176319802,5.688401242938481,-6.32183795974265,1,2
253,4.207952929978213,-6.318130854916667,9.391619105510156,-10.500008726094824,0,1
254,6.220045447723873,9.472110166390195,-6.959952255957336,2.229412465434075,1,3
255,3.1336159531373977,-5.290485480973116,9.932064459413638,-9.011335774440605,0,1
256,9.039084886441012,1.3884868487988655,8.891462032783465,4.669273960070239,0,0
257,8.799867209369962,0.7610434198613707,9.529106195598189,3.488449552263696,0,0
258,8.007922626840807,0.6043421162794256,8.851524748727593,5.428866710778959,0,0
259,3.3236742584774173,-5.929959346891487,8.917916458544756,-9.307827255145503,0,1
260,7.424917815557432,9.627806511248606,-6.202645643022051,1.8518514163288367,1,3
261,3.9949993622527864,-4.374814051499567,9.984591117628197,-10.739424653339473,0,1
262,6.880712741313345,8.453964530482741,-7.8726837021299785,1.4514945581708336,1,3
263,8.692779674158812,1.1412033892406648,9.11383032076314,5.1626282977361,0,0
264,9.471565990992321,0.7763844117099039,9.036918566883266,4.1052165165353465,0,0
265,8.801574916011766,0.2270490828917313,10.016799410631085,4.220307546793463,0,0
266,3.5708450334921285,-5.959814163888593,10.372230299833253,-10.097998113277455,0,1
267,7.300315135302622,8.766668894157567,-6.444402562251678,1.390149946696166,1,3
268,9.754200015128646,0.9199928720716559,9.918521690408213,4.416339458054705,0,0
269,4.01179399590194,-5.882135231806809,8.712103821651315,-9.426516525072675,0,1
270,9.286252729726039,1.3075026304834552,9.226826384283578,5.084896076577099,0,0
271,-4.546267621471993,-0.2829591812647865,5.544364354937463,-5.868341878183328,1,2
272,-5.354715357097246,-0.8609945075943162,5.672767386959438,-6.799021002159424,1,2
273,7.385158516453198,10.038329577758347,-6.85298507242762,1.9930013895283023,1,3
274,-5.117391012111915,-2.0220773496147766,5.97795738929967,-6.231812299808647,1,2
275,6.671896679527629,9.880309117884423,-5.390509909156695,1.7650261771415485,1,3
276,4.606422864408387,-6.448810993566886,8.88411197397882,-10.428196462203971,0,1
277,4.252441963357129,-5.6559643607720025,10.289285910500785,-8.507880509145211,0,1
278,4.164372593211691,-5.89927972046062,8.096055021194534,-10.129709481805177,0,1
279,7.831314358651971,1.5397915976873762,8.76617140799344,2.6817177543609483,0,0
280,-4.891367175173557,-0.8479898101538665,5.7716578762163575,-5.871722386959174,1,2
281,-5.179343965483018,-1.0502785463928002,6.246669552417386,-5.899887374119442,1,2
282,-4.479842639996905,-1.9370728459458313,5.738957818003419,-5.042328791742273,1,2
283,9.692933155215739,1.3675242445892366,9.357413312741922,4.56248640837015,0,0
284,-4.352317372584987,-0.8142193497005912,5.317451659005577,-6.0637319712271704,1,2
285,9.312916900133809,0.4833262777368526,9.489993010796976,3.774095863972438,0,0
286,-5.366735980632258,-0.17638596200413748,5.643399719267975,-5.409708699657082,1,2
287,7.215959256024038,9.979240729743516,-6.92809127911559,1.0128733585215686,1,3
288,-5.855799198944396,-1.1427851335643875,4.596462311682217,-5.783407628898809,1,2
289,6.865864581294873,9.820385038733221,-6.456814615551389,1.6793761088425105,1,3
290,7.542561342759491,9.09902516502565,-7.0205103394815245,2.0222529519023222,1,3
291,9.359774827521896,2.062214478336462,9.416096049397916,4.924065248959597,0,0
292,7.090893743038266,9.718678433828279,-6.933373212515961,1.839955824721512,1,3
293,9.343757746629436,1.0779242942347353,9.835191927940512,3.3995579080424734,0,0
294,6.609860225472851,9.241876579245558,-6.3052308671016,1.9814593791475286,1,3
295,7.807250719196103,9.541332465557675,-6.454041477174161,1.2487030710274405,1,3
296,8.886037023201157,0.7460123309841469,8.798414329219469,4.77547209141782,0,0
297,-4.55321482981158,-1.374272193065207,5.60674685846001,-6.743836848044479,1,2
298,9.559635510471024,1.504276580104554,9.392479545462967,3.872743588775532,0,0
299,6.904923218523952,8.418975464748732,-6.170962655561434,2.435217673363594,1,3
300,3.501743670130419,-6.055686116441255,9.187669722440965,-10.153091345096598,0,1
301,9.922718941334338,0.465324473844697,8.508810938147136,3.792098307559075,0,0
302,-4.322528268497951,-2.0975205844725773,5.3564549530186705,-6.1946873607089845,1,2
303,7.242649316947582,9.448837344459394,-7.585781155473329,2.4317050275895657,1,3
304,9.162548919793823,1.154627519563873,10.682046122307963,3.231737876850067,0,0
305,3.0568123522724444,-5.360043027049098,9.642371424918567,-8.954353883808801,0,1
306,10.855376300259222,0.9950752561364874,9.800933854170664,5.545044275583036,0,0
307,8.696793427058298,1.0462049757760812,9.542654759182557,4.734786188210592,0,0
308,9.740422876755533,0.8015065387253986,9.542977808223268,4.208918800458441,0,0
309,3.7021706371821943,-5.41116526554063,10.018689721441563,-9.618470795458958,0,1
310,7.801214414472462,9.267676657965193,-6.943783645509296,1.4154570789447691,1,3
311,5.529786752542567,-4.486031317458329,9.537275200968688,-10.254920385264938,0,1
312,-4.523002330631205,-1.6855817128854995,5.463924491491169,-7.282078516235776,1,2
313,8.279790743766569,0.5167302438710277,9.915586322872334,4.763698026464332,0,0
314,-4.552611328907324,-0.8097722016386331,5.74159658848254,-6.636959445865547,1,2
315,-3.497093554871772,-1.9933983363809102,5.109524316494678,-6.122837219680389,1,2
316,9.687051806128586,0.8953723036438928,9.691727741330418,4.482381634895802,0,0
317,3.187340308060093,-5.730982654620398,8.861446027425638,-9.698810465769443,0,1
318,-4.655057614089986,-1.285014948733295,5.730946205019861,-6.577175085378487,1,2
319,9.187172412916997,0.42214080686794087,10.028294245764089,3.6260662484475037,0,0
320,7.749882489977098,9.281030529628413,-7.274851290901293,2.916072698226015,1,3
321,7.777071506883348,10.56374466581081,-6.557926281287717,1.8481176592223112,1,3
322,-4.914119674982774,-1.6848905251546495,5.7000926496659705,-6.411843108283513,1,2
323,7.527517611738761,10.083490445928055,-7.081318803055001,2.3612308433047513,1,3
324,3.5259921028455086,-5.533761631964971,10.432796634810808,-10.795638789336376,0,1
325,10.235433605679034,1.059292943252018,9.025522259153076,4.3629479439062155,0,0
326,6.927173060425748,10.25232522978681,-7.4498640442210835,1.883596693735776,1,3
327,-5.075136895056306,-1.7883814332934185,5.5983083373373335,-5.360970769129262,1,2
328,6.932506745854216,9.955282590999277,-6.309177915064245,2.154415816126509,1,3
329,3.3150316464168834,-4.908606634458069,9.563551479055148,-10.12847309637922,0,1
330,9.40495320096972,1.0635723444438736,9.168994271403399,4.859669789179721,0,0
331,7.448622610547891,10.238167641091405,-6.234883200823372,2.293494702440368,1,3
332,8.587571685009692,1.8587540262239424,9.016559552909431,5.044590388769738,0,0
333,-5.796010887913362,-1.8475493997746657,5.766244391532088,-6.355288749601891,1,2
334,-5.197004051848651,-1.6949398212387483,5.450086809879466,-5.27795255075915,1,2
335,7.020658017604253,9.941312734013394,-6.758905722026915,1.4922434826202218,1,3
336,3.84382012615544,-5.579322920722341,10.331007300054731,-9.09623107873372,0,1
337,8.968486456367843,0.757929752098408,8.84215223205831,5.536719354630887,0,0
338,3.362305484378644,-6.266355171068753,8.81481423528349,-10.433663203088772,0,1
339,3.7690320540826274,-5.835553763385303,9.169933269813573,-10.324587633698814,0,1
340,-4.472882696754905,-2.1717025000801304,5.439473105545637,-6.020928630064588,1,2
341,-5.047388603058552,-0.9489820155377289,4.755027449414636,-4.9889520004369485,1,2
342,3.8297089794169947,-5.499296145106578,9.449669982079527,-10.009084932156659,0,1
343,4.796578691629133,-5.653063391684012,8.98594191481098,-9.48969663874121,0,1
344,9.466814257499092,1.1191956317309324,10.025468408541222,3.2525746188363787,0,0
345,-4.646596437174057,-2.371909760726785,5.9143699061424275,-6.107018801537265,1,2
346,-4.553546245552594,-0.2974667187617521,5.496997440137455,-5.581754877289812,1,2
347,-4.846311743102167,-0.8827662818641412,5.9016738763540575,-5.45605601642242,1,2
348,8.985636219911614,0.737107757132762,9.194102015779459,4.110706442633973,0,0
349,6.610142277332788,10.434006738517526,-7.051994710110122,1.7557740789584622,1,3
350,8.97556625314935,1.2434905595296073,10.018160840421096,4.6447641035261205,0,0
351,-5.145159103451573,-1.6868037124868662,4.597583880583267,-6.113074366683919,1,2
352,3.9306554413643866,-6.588314653276011,9.808030827698884,-10.60626300460275,0,1
353,-5.302100371931329,-0.9600841662832607,6.41836952655062,-5.639809803387679,1,2
354,8.826661795190903,1.2750947264383443,9.009376427468872,4.100333013838424,0,0
355,-4.2153715780056,-1.545910642338207,5.901792167701771,-6.470481046224307,1,2
356,9.39498007537599,1.844500708093435,8.959148052941314,3.5893529101940684,0,0
357,8.99867703518372,0.4105968096334587,9.317122921903554,5.190692497391891,0,0
358,10.037383027170282,0.1813448596836974,9.566281961575777,4.241491957813462,0,0
359,7.265591023550553,8.784907753732544,-7.699966223883293,1.747580786722394,1,3
360,-4.926813307824952,-1.4479861904647295,6.161949826366444,-6.291571887526031,1,2
361,-5.765559143515185,-1.0425142603604132,4.795511521563315,-6.6260976990140765,1,2
362,7.743498233707384,9.431666666811665,-7.49649886423982,1.2293917826615193,1,3
363,4.237849127707706,-6.159128693898011,9.163969589831924,-9.712698394058936,0,1
364,3.645345497814121,-6.430937655879,8.609405495995937,-10.694465863432391,0,1
365,10.403797975119936,1.2796396862671253,9.71739028063509,4.381478210509623,0,0
366,10.662398431642725,1.487566559886007,9.819708062573124,3.973295323765095,0,0
367,8.419515740027293,9.28012803187919,-7.4221543380787205,1.8918259313973413,1,3
368,10.147416907689559,1.9247246033103385,10.483751643432413,3.7617770086629934,0,0
369,8.154183071530923,9.304248258716251,-6.1163998264494355,1.4267077739924146,1,3
370,-4.681220068044939,-1.0263895324281715,4.907667350494891,-5.9505508353478875,1,2
371,6.694329482566168,8.50321238762917,-6.033628246428153,1.7901578336905233,1,3
372,3.2948289958156627,-6.4797062134094,9.320960244107722,-9.617822479940903,0,1
373,-5.290279844270086,-0.5336393180357487,5.984446851681266,-6.668399493244398,1,2
374,6.438599017317062,9.644644245289308,-7.6941692663580845,2.033995139278145,1,3
375,-5.087189046809374,-1.9550569077086957,5.867278297225278,-7.004357154691205,1,2
376,9.276737900169092,1.0978481787409662,9.208086133973012,4.410773883847863,0,0
377,4.093967591285562,-5.897744643334589,10.077358944744942,-10.041065060883229,0,1
378,-4.5337903132924415,-2.1029062494433655,5.08905404402784,-6.711278912460274,1,2
379,-4.420920701758892,-1.226462062202539,6.518192551406316,-5.378878184264391,1,2
380,-5.462253505348231,-0.4565738813792075,5.806751109895011,-6.260974311817531,1,2
381,7.756802170746857,8.951621907746162,-7.550858478185152,2.2128089484581333,1,3
382,-4.805348129003044,-1.2155113673296651,5.283561130548851,-6.6452775280918015,1,2
383,3.7197408379049866,-5.564299678052612,10.478114340012356,-9.030744489779684,0,1
384,2.9063709442380663,-5.685234099888871,9.39606857026442,-10.187973496050702,0,1
385,6.228038044600309,9.400691418550377,-6.196773257363806,2.6000272925432597,1,3
386,-4.9308868654733775,-0.8875675198963882,6.060201269399871,-5.831452744881287,1,2
387,10.012881707668884,1.2087750449847474,9.018895777962559,4.026151632701325,0,0
388,-4.573656856809475,-0.8281082162281703,5.371259118979091,-5.544231604110818,1,2
389,5.6189963424900835,10.231487018283298,-7.392320160458545,1.8940279733813368,1,3
390,3.7969028579693624,-5.932460147386633,9.370838426635688,-10.717829102522966,0,1
391,-5.070356104428719,-0.6725807759247292,4.859683086570847,-5.911434793928731,1,2
392,3.94549205841098,-5.351525535379442,8.70480603723301,-10.120825808571684,0,1
393,9.745668081172333,0.9704809011633393,8.903211873383308,4.326802207251782,0,0
394,9.570768041894022,0.7152153603533804,9.185689851317814,4.645312203998789,0,0
395,8.904502422521649,1.0451149835544697,8.63858797606817,4.60778359833953,0,0
396,-5.686517937107447,-0.6328740048053395,5.276548289312036,-6.162103251825541,1,2
397,6.037831351234342,9.342637800608852,-7.114682426759403,1.491787513173693,1,3
398,9.90764120922598,1.145567846554668,11.008882619299506,4.254171051041299,0,0
399,9.133826278656823,1.0377681295315047,9.605196788126863,3.5544916182870634,0,0
400,9.56188326866783,0.04410799304464119,9.596866867059385,5.177498066542169,0,0
401,9.552401639453285,1.908541126031965,8.972575351144359,5.045205902813637,0,0
402,3.569695081247204,-6.382782503647411,8.761128746785106,-9.251860803194818,0,1
403,8.44365734823403,1.5851362804400027,9.595556715348087,4.4922327186599205,0,0
404,6.708665226683473,10.560282591123258,-5.92868029702046,1.1540669908128405,1,3
405,4.396161418670569,-5.95176661267338,9.988523085573421,-9.818758069996173,0,1
406,-4.655385588327951,-2.0261891223893516,5.8828869179152825,-5.812451339273248,1,2
407,-5.23807112209357,-0.23439920076115217,5.264850267100032,-5.989492052525615,1,2
408,4.044250414963218,-5.234553584866064,9.435277618163946,-10.51512424651223,0,1
409,8.701763802533124,1.569204712734593,9.287817647133176,3.9058865331462087,0,0
410,9.19395864558635,1.435045243236246,9.679537373316627,4.24169869401199,0,0
411,9.785927791877631,0.9553353621829234,8.946641842726388,4.537271818992031,0,0
412,10.507456856152245,1.3467579415395374,8.478270765490189,4.454064658928788,0,0
413,9.45044614539217,1.3165363827390744,9.157712454612666,4.457277083660734,0,0
414,9.84367223057408,0.9336486998596132,9.589584190071061,4.533115014837447,0,0
415,10.318594656763503,0.4677149778404167,9.240979279426524,4.284052193971637,0,0
416,3.6208499748862497,-5.75799715443739,10.54492429445387,-10.074855455570194,0,1
417,4.552668296432787,-6.278466673637348,8.784359885630467,-9.487105802772179,0,1
418,9.421024526526091,1.2730141534029074,9.133646606676264,3.87403330496363,0,0
419,-5.3245743624480815,-0.242802933282386,6.5516985039418145,-5.494765596152667,1,2
420,8.52861038501162,10.301529241944026,-7.03206930265343,1.6705828584044415,1,3
421,4.374385371959825,-5.144227549877707,9.403585250843284,-10.169030567668292,0,1
422,4.806367023326083,-5.790331590964327,8.835089096337317,-9.353538064695744,0,1
423,7.153187216913827,9.180523219993905,-6.652184012929291,1.4350237128657248,1,3
424,10.091982419904923,1.3789069941481764,9.225945848590184,4.059408378854658,0,0
425,9.170936958681589,1.617766433809188,9.343509843349818,4.764775946680438,0,0
426,9.483345449691864,0.891726963983803,9.421537757168048,4.457124744863692,0,0
427,6.636946744794732,8.95280743684828,-7.220120134996601,1.836146143279873,1,3
428,3.8955969881169557,-7.078977794595664,9.626024218283135,-8.858932415084263,0,1
429,6.599119849597725,9.67332091240604,-7.319164973438605,1.949323013500005,1,3
430,3.882283120351272,-5.500390357972344,9.141799963606758,-8.183494715369122,0,1
431,7.643010616413489,10.34503354809913,-7.026603990685293,1.653787828374182,1,3
432,7.604530019907934,9.632530072824343,-6.522100016668749,1.9701125025414954,1,3
433,8.410055873956013,9.912094209230501,-6.613973259075125,1.9190757851633171,1,3
434,9.27703559911041,-0.2153483566316574,9.42987461955038,4.462250663913007,0,0
435,4.287970089408475,-5.680444532674125,8.576504611409934,-9.572306906787698,0,1
436,-4.70029826948322,-1.531050967136674,6.043059709930782,-5.885227933787539,1,2
437,7.3835065231823584,9.50587358791212,-5.799466662867726,1.9291714588312654,1,3
438,7.426655874666223,10.119340203475623,-7.166380755956965,2.597005481741749,1,3
439,4.127502106774601,-5.149050084136631,9.64033227301734,-8.930608799080654,0,1
440,3.8769281607091184,-4.748598253806453,9.208053117729499,-9.980242140611026,0,1
441,4.788984561933879,-6.788139543953161,9.264305023870186,-10.591397036059622,0,1
442,9.626072938815017,1.1128944875654545,10.840574329709604,4.493632175554222,0,0
443,10.469750871084303,1.2057171389478905,9.675227529370511,3.5420082957987873,0,0
444,8.823264672713309,1.612931349712921,9.821867128587618,4.27729931381769,0,0
445,9.526830618753035,1.1633543770974695,9.059191457098633,4.338613592397786,0,0
446,6.882434728047535,9.220289829485615,-6.726405159029815,1.181242731595614,1,3
447,9.199366176080682,0.22667859969184612,9.57814817734812,4.886336099674879,0,0
448,4.405579510560947,-5.956044006757541,9.073964400580051,-9.726198568871133,0,1
449,9.66643136964781,0.05687649920940596,8.946473201697174,4.130798015595852,0,0
450,7.281608907514241,10.00924613964322,-5.6478718973456115,1.7578602622102104,1,3
451,10.261230470002847,1.2578662255011572,9.323631183385654,3.7619533924327992,0,0
452,3.3760981384178406,-5.629381342000017,9.497442261086258,-11.05249035861705,0,1
453,9.154614672653377,1.5620243120971504,9.32168119778812,4.53481447477171,0,0
454,4.2003916374922685,-4.90540582358431,9.12967726903897,-10.606600995875327,0,1
455,7.751113139366282,10.634854534890634,-6.41790707062436,1.6273611921983344,1,3
456,7.9060628195251645,9.425877454047116,-6.91113292086507,2.4195221110032548,1,3
457,9.99050875902241,0.9881179582909217,9.843301017063014,4.84035577736587,0,0
458,6.468693899990686,10.0741854629652,-6.8084962283671295,0.9708072834155297,1,3
459,4.317067345391363,-5.949787255070399,8.835775098169849,-9.801519288480662,0,1
460,3.890739885112012,-5.909852190738993,9.145484363440996,-9.933343484562986,0,1
461,6.854294479314749,10.100126398910593,-5.556835762215442,1.856602113726289,1,3
462,4.519616645817168,-5.265655436048083,9.327332031851997,-9.19180918152987,0,1
463,-4.760099529449707,-0.93981872269185,5.999012399513968,-5.951851944919721,1,2
464,7.9052824349600375,9.128885490842203,-6.719197358722849,0.9386665738520674,1,3
465,-4.845914571951702,-1.2617378018243155,5.522237271876277,-5.9644924966174955,1,2
466,7.122272804899524,9.083610848349498,-6.202655452428322,2.0102548069861594,1,3
467,-4.715980077848274,-1.119428163994798,6.891965065446557,-5.593638484776719,1,2
468,2.5491154485937804,-5.590759428752949,9.788655849828087,-9.758771922107936,0,1
469,7.163986627366958,9.84925841935065,-6.598454375167898,2.366575035906119,1,3
470,8.946523474411038,0.30902257509675835,10.06037175671426,4.729754656132357,0,0
471,6.4266707151216,9.765915787925607,-6.619563979381357,2.229897391956184,1,3
472,3.2997333962658537,-6.21123070955385,10.049371067638466,-9.62371675370838,0,1
473,4.045033583272141,-4.0075794488907945,9.755406224601355,-9.182532760918956,0,1
474,9.684851532834916,0.8737665704968627,10.337856777659045,4.180298134263019,0,0
475,10.520801502978943,0.8963281773527165,8.669072796695414,3.550880019263376,0,0
476,9.049857978012756,0.3555879411806272,8.522597497069611,3.7236966186693086,0,0
477,7.739628854476494,9.82781171346318,-7.30132616640351,1.7622377994379803,1,3
478,-4.0318640263563275,-2.0600726663517808,5.617668276147838,-5.558462151517313,1,2
479,9.117034053798427,1.375053789830566,10.089354216344098,4.69349061778224,0,0
480,8.796438293253681,1.495609171929388,9.79103128311088,3.556045343670176,0,0
481,3.989074944194595,-5.724573447388264,9.598977268555226,-10.356642590202968,0,1
482,6.24967007770792,10.206077770554788,-6.58765595783361,1.104635785307455,1,3
483,9.972485845935886,1.0459116389587446,9.623312338707612,4.772536521209756,0,0
484,7.880376738543144,10.300894505092138,-7.52810844922311,2.978466913656437,1,3
485,9.54745236730813,0.4439375060991748,9.380713288504486,3.238551040136482,0,0
486,3.7480498523587844,-5.924364212741789,9.16960571367054,-9.254988802210056,0,1
487,3.4390626735273337,-5.008294659941562,9.36313957831091,-9.501229398897754,0,1
488,-4.862069948520968,-1.5046451910622798,4.725636796559329,-6.128515049759793,1,2
489,-5.16996539442731,-0.951033740672278,5.110785901071256,-5.976575076872376,1,2
490,-5.283541253856562,-1.4804187426085997,5.004909619441754,-5.981571579482409,1,2
491,-3.7883619160621596,-1.7944948558120823,5.7954444492044495,-5.801566349356585,1,2
492,10.478617202585145,1.1831191428239836,8.511226861537015,4.053343501118207,0,0
493,-5.025881512246095,-0.8584958508072064,4.833904007365831,-6.089227053085513,1,2
494,-4.533575904888211,-1.861034773885967,5.3036644065291565,-6.3193286925719265,1,2
495,-4.812328719192484,-1.252109718615984,5.885582243093195,-6.436221841376397,1,2
496,9.717925615514057,1.5194597660830214,9.072244079019987,3.1953516296675764,0,0
497,3.544689349434958,-5.373883997182316,9.805101181600518,-9.607251251430792,0,1
498,9.472681544257437,0.26439195619022493,10.064867051761572,3.8719394467410995,0,0
499,7.259274347245133,8.883535085467463,-6.758056533478367,1.6091327140649472,1,3
500,6.633421429849639,10.37592448308919,-6.616495530720917,1.805783071610016,1,3
501,-5.158334242397611,-0.7260436585953461,5.939852289531882,-5.964187038542542,1,2
502,7.676149282703395,9.759957001393088,-6.563807310186195,1.7850110854154622,1,3
503,-5.565846349962823,-1.9909045778402663,5.930092791339075,-5.782254459809818,1,2
504,-4.84034737559424,-2.6616894526125376,5.210094253485086,-5.1531653384016,1,2
505,9.739925388166062,0.9739725208216738,9.237399160282678,4.199596750355034,0,0
506,-4.344968106395666,-1.804172747644872,5.923181642399076,-5.506550167615336,1,2
507,7.18303601014997,9.995671375091527,-7.5838165734967395,2.2552199992781214,1,3
508,4.264533446531044,-5.200518176042283,9.373888347832024,-8.709695437938839,0,1
509,-4.273524120407033,-1.6803152731975735,5.658606698413818,-5.791962762316272,1,2
510,3.82251504871035,-5.007200876066512,10.0530165002107,-9.819034363671012,0,1
511,9.724445762356856,0.7107170976923938,8.886931787211385,4.365639547968302,0,0
512,9.890354751333897,0.8125033983065648,9.556517937796183,4.407126514321635,0,0
513,9.333839286632921,0.9013581585104274,9.679763637249593,4.318248592639101,0,0
514,-4.953740233230802,-1.4345675262398452,5.2501770626879045,-5.83192437908716,1,2
515,4.19864000049039,-6.515438004643901,8.753239291768635,-10.436940909292627,0,1
516,8.58601901502231,0.9394033271616986,9.380492601688317,4.7454883771197345,0,0
517,4.542502859702779,-5.869933863878123,9.885899638808866,-9.08355567547553,0,1
518,9.992541814242374,1.0805346723120568,10.22644245364557,4.265766998433668,0,0
519,3.094827004781805,-5.570855200526388,9.558099211034692,-9.577612160662555,0,1
520,4.085446529037472,-6.401242568546822,9.26183907746529,-9.466012195647851,0,1
521,8.458340286783454,1.016856176923452,9.191215523742672,3.0511489143290023,0,0
522,3.2068266921568376,-6.571016204783304,9.5652744926362,-9.612471893375778,0,1
523,7.059942392737749,9.876948062310978,-5.818517738726847,1.9746038466993672,1,3
524,7.321557855680551,9.315210026968566,-5.432326850435944,0.826278470079135,1,3
525,7.57010420926643,9.245231172557661,-6.93824118447719,0.8165463890327014,1,3
526,-5.267812374070652,-0.7092287014426649,6.1309182381112315,-5.818850460765947,1,2
527,3.789204479773436,-6.019178992344758,9.175434069670986,-9.461487393518363,0,1
528,4.460492443659845,-6.34682615250044,9.567732096931776,-10.558348068478773,0,1
529,7.469758183364981,9.568217694609917,-6.8018832731316206,0.6848472595532942,1,3
530,4.016276712223284,-5.68369195357734,9.571520489787092,-9.588332403935649,0,1
531,4.471210065406549,-6.654091260030183,10.000092198600612,-9.39523017053029,0,1
532,7.635825719239405,9.350741988221122,-6.921441750565982,2.6890550247421965,1,3
533,-5.005658668007339,-0.47312650839462067,5.073399178754492,-5.511052514029398,1,2
534,4.407285142594072,-6.097480937389596,9.655240856754462,-9.706676540758952,0,1
535,-5.415939100740336,-1.1796363750453411,5.204644277083558,-6.880125221258968,1,2
536,3.759222924483429,-5.318158279148834,9.19578614988822,-9.911618467053136,0,1
537,4.259257957881454,-6.396772623860887,9.75220488038014,-10.023276807582333,0,1
538,-4.615268091244705,-0.9279406028757184,5.543091269529363,-6.3781945981560035,1,2
539,7.780649504662979,9.183484884513133,-6.920261705775017,2.6746516802721207,1,3
540,-4.015579626898017,-1.649131482066514,5.379152173999519,-6.461368458411401,1,2
541,10.564671744722462,0.9917036834263113,8.793471827834088,4.943711268694084,0,0
542,-6.13710783657168,-0.7388994704636294,5.180102023713942,-5.947827773223197,1,2
543,4.857303818627208,-5.18488450952248,9.56742508263878,-10.767721283864011,0,1
544,4.762888212992438,-5.610818290629116,9.08075258101253,-9.564879567749395,0,1
545,8.210675033551786,9.268427323405463,-7.014462762156223,1.486756089527621,1,3
546,6.442511596065085,9.595969891187737,-6.828427815788834,2.411608147391913,1,3
547,6.744981789062748,9.513842904454288,-7.820014075763987,2.174942156474101,1,3
548,7.321409556677783,9.465749489722295,-5.713784245270763,2.141673510846705,1,3
549,9.10176848596431,1.3635536493767884,9.706374455199287,4.939310554354809,0,0
550,3.460794823714655,-5.898722786280734,9.389753079078853,-10.413375097455228,0,1
551,3.5704591325810893,-5.420957607527871,10.023063948047366,-10.828370965957424,0,1
552,4.658275779621555,-5.240865397111362,8.275905486299582,-9.404299484229544,0,1
553,3.7597432955799546,-5.233053704497146,10.47141409794771,-9.133815510323414,0,1
554,3.0441039360408966,-5.146654064275901,9.35563044054594,-10.841461283232812,0,1
555,9.729207693148771,1.776938135656335,9.6167056307545,4.510327354824956,0,0
556,4.734891157132644,-6.313096440512004,9.324035851740542,-10.073664562839307,0,1
557,-4.41155396573999,-0.6048290940895692,4.32212276637279,-6.299559460388016,1,2
558,-4.2396531539169775,-1.127450980785008,5.215662587843905,-6.793792132596393,1,2
559,9.085783611869878,0.8160187588682051,10.017745583203624,3.6898383933950276,0,0
560,5.013331170691407,-5.129124226099406,9.98936202475572,-10.612128849454708,0,1
561,6.742438221540056,9.63180398854096,-6.258279979602712,2.0626390470785725,1,3
562,6.00710053138977,9.55963018477994,-6.305822397335878,1.6642593382004813,1,3
563,9.436007978272198,0.2941672274168352,9.318761957580257,4.141692216097845,0,0
564,9.15325474181542,1.128290886890584,9.298674070714268,4.931272134423014,0,0
565,8.982238004808446,0.8358198418730463,9.028064427703898,4.378040711443094,0,0
566,9.961850253727503,1.022214061593146,9.10705527349741,3.3977923200663462,0,0
567,-4.130894163342795,-1.18199013391297,5.87688190250746,-5.40935210368807,1,2
568,10.414276297919502,0.5637798888013914,9.344725763089482,3.971186577397517,0,0
569,-4.0811774954293165,-0.8780892515024057,5.111959826299246,-5.38238203905069,1,2
570,10.35747434381799,1.1340666254568412,9.426008729619928,3.954905668321267,0,0
571,3.9726757203338305,-6.941809346245193,9.542030662319933,-10.20350314773898,0,1
572,-4.968120509168996,-1.4746727322613784,6.8369552560320574,-7.556186988806171,1,2
573,6.682584820768526,9.15787928438295,-6.860932450420749,2.3268794392086973,1,3
574,9.480481010496376,1.4204380918141333,8.555775884557235,3.538442191769507,0,0
575,9.069514827326634,0.4423583401147687,9.13403241009207,4.264952087223103,0,0
576,4.28698993394938,-6.762668945359252,9.767475919606134,-8.584765635807727,0,1
577,5.098520669332705,-6.967889377953679,9.362146485141906,-9.391847966025889,0,1
578,7.110107107443857,8.983545860668098,-6.854885963910016,2.901391367216567,1,3
579,9.378380540581906,0.5345767516436755,9.620086277054494,3.7577248648700357,0,0
580,8.752884098798614,0.905699044562145,9.478394774053456,3.7458561299976205,0,0
581,-6.223305140302426,-1.5414563616570784,5.493386747659609,-5.673451245264118,1,2
582,8.853587629446718,0.2765733016620002,9.706777630952837,3.970813768399372,0,0
583,-5.3653759002403785,-0.7246229599019056,6.61377674804802,-5.750759169323869,1,2
584,-4.9085854458726255,-1.6075824124554927,5.931120512791296,-5.841008546872678,1,2
585,-5.056157884116561,-0.10079467797348851,5.73534869522314,-6.035737595815619,1,2
586,2.975582414212998,-6.448135288062285,8.954248988427981,-10.052885862414879,0,1
587,4.799046947492071,-5.525902881797885,9.2213161993092,-9.471519598756766,0,1
588,-5.613641037249104,-1.585472701652727,5.507595338587096,-6.01172518001088,1,2
589,10.09515708712464,1.7287350314633392,10.1760752823102,3.9904562801424204,0,0
590,3.5671032310401403,-5.427408826666846,9.680683664761386,-9.938092070393422,0,1
591,9.045278201311778,0.5084485264923827,10.561442637450774,4.511262585619854,0,0
592,3.670321802765649,-5.184320480323162,9.578257777527902,-9.676029223616014,0,1
593,7.232031743155378,9.75184185778386,-7.1914724952737465,2.667407699725827,1,3
594,-5.744411541805438,-1.0013055991487225,5.8800147035881185,-6.335706176316401,1,2
595,7.253003452322354,9.892193064848653,-7.52297465288072,2.4779004530782,1,3
596,-5.639932846000996,-1.3351271901920152,6.0644230350760875,-6.117473202211067,1,2
597,8.721469715734669,1.4138333417097213,10.622894885536233,4.808630809855676,0,0
598,9.798619962329287,0.4015258084924195,10.248888052939247,5.16682496430488,0,0
599,9.119251487627741,0.385723102122143,9.08237919476037,4.242366540515134,0,0
600,-4.678491159080846,-0.781957083379548,5.748689597982749,-6.429615873551097,1,2
601,-5.441160634490618,-0.8151812659804203,5.364288943825342,-5.928258090315143,1,2
602,3.4403739781992284,-5.294305803319111,9.369662763241797,-9.407393070125918,0,1
603,7.312603365287808,9.500406082493518,-7.152406383682398,1.8091292148326419,1,3
604,8.049464828350049,9.697592747251786,-7.001636839136161,1.3535558334817681,1,3
605,7.135371516359995,8.657392534945881,-5.979581839685837,2.2611374805919366,1,3
606,7.937277489340591,9.010554014383136,-5.898092334628633,2.333207962759928,1,3
607,-4.687134562494457,-1.0293421963910492,6.17356636701587,-6.15964915567517,1,2
608,-5.300664049172438,-1.1726654626035806,4.9272938107537145,-5.467884813307775,1,2
609,7.114623838594798,10.060480683605038,-7.2839530911453965,1.6561826686951524,1,3
610,-4.590065991728371,-1.6491125860686398,4.454385617132471,-5.781013265294355,1,2
611,8.726883818412695,1.3925080841004287,10.050479070195543,3.2470263485053787,0,0
612,3.4800832359705556,-5.162695922993546,10.346504374143073,-9.246821596541398,0,1
613,-5.670946589002005,-1.3774649791798106,5.362339177568703,-6.206377863923746,1,2
614,9.487287269826405,1.9611686060635678,9.060589460066089,4.708296251361302,0,0
615,-5.317843630011514,-0.7389038297709991,4.954563203194218,-5.755912379302703,1,2
616,10.88328637588934,1.060711202908803,9.844675630256258,3.0055703129251903,0,0
617,-5.159809851985037,-3.054320182052761,5.363094535902007,-6.5604551238437265,1,2
618,9.690588092542008,1.8169072081308548,9.886489395312273,5.188534675429141,0,0
619,-4.920518808542737,-1.7590339205448202,5.915128080702094,-4.89239941049971,1,2
620,9.799274488111744,0.20838681841850626,9.159983058449365,4.25424017459416,0,0
621,9.02426661405831,0.08060471518255219,9.94135859550023,4.1982019784519915,0,0
622,4.661748592975018,-5.872150904138314,9.889421135886385,-10.358281203075459,0,1
623,-5.192250136526704,-0.6726943170843859,5.752643493324549,-6.856262600045415,1,2
624,6.470897765404475,8.952822686806755,-5.980723195426554,2.780128574600316,1,3
625,-5.570965776530233,-1.291388909988208,4.775121916138605,-5.499079817957877,1,2
626,-5.292021369262887,-0.6245007930084908,5.485907374884514,-5.855661677589268,1,2
627,7.407765640712792,9.436326386239266,-6.751532679349283,2.6411408192517403,1,3
628,9.97954509022241,0.17201417278683373,9.508166717499233,5.001450569089046,0,0
629,3.7986326174783183,-4.471194110917646,9.775563372299901,-8.894064875242353,0,1
630,-4.442243846067621,-1.25249743441682,5.540241462304829,-6.348696618053192,1,2
631,9.640402589235366,0.6089372760646716,9.523147324491308,4.081711093028016,0,0
632,7.013725902455727,9.288832306906821,-6.475066947755594,0.838271412032165,1,3
633,4.169166719169533,-5.59330067532368,9.63468095039002,-10.638493000657288,0,1
634,3.2501998062391806,-5.888737743268297,8.999142397543016,-9.564410119253987,0,1
635,9.196935566743145,1.0372468359463434,8.97947436612721,4.27171048619829,0,0
636,4.376888944082126,-6.339791217985143,9.387553552933158,-9.735018817742255,0,1
637,7.813859884375155,11.163264081887975,-6.409665840337869,2.192944394541384,1,3
638,8.119858432936388,9.266132756034265,-6.726926230151785,1.2334406534642892,1,3
639,3.6222547639743534,-4.793369956995397,9.122809749978918,-9.743913259792837,0,1
640,6.838637499565719,9.504448203269812,-7.632105702942112,2.351676937254712,1,3
641,9.754167901368445,0.9534636393847151,9.421738366945084,3.9573666591939958,0,0
642,-4.27813695892082,-0.7325842740928714,5.492388102761932,-5.4705730470395775,1,2
643,9.025555011701256,1.0461688658155053,9.081950771385534,4.233262346406204,0,0
644,6.053900105472643,9.815495103471456,-7.402212687556633,1.729908353707383,1,3
645,-4.55889858160091,-1.040802664751682,5.287021967598384,-6.631103134068354,1,2
646,6.924046057678289,9.644865300912787,-6.673367614820194,1.850749918453486,1,3
647,8.676072753912607,9.934654948287521,-6.9540126058942535,2.097429482229947,1,3
648,-4.339504077238211,-0.6103940712065109,4.482880668249373,-6.47910323687345,1,2
649,8.85253291342377,8.79619282157303,-8.141738372433752,1.9313446192159793,1,3
650,-5.5950352685355655,-1.247821745048646,6.7148112371572015,-5.318984581263126,1,2
651,8.92525126814383,1.0777752171488995,9.2307821159913,3.0644148339757145,0,0
652,-5.1834540929005755,-1.5611939861043695,5.58289628536299,-6.765997857044839,1,2
653,9.18197885735519,0.9723518475836215,9.307352455584915,4.787295663489913,0,0
654,-4.547457789423775,-1.8156629831327153,5.9592820885372895,-5.172874079718682,1,2
655,9.627134745393013,0.4163421827763888,9.089359043451054,3.5803269610740607,0,0
656,8.089695284744938,9.524258945306986,-6.047809892482246,2.4857691385540486,1,3
657,7.088704832901548,9.693989805159456,-6.393460033539679,3.4053793358680142,1,3
658,8.990422039633808,0.6579316863462694,9.7350904488653,3.982878159101599,0,0
659,-5.3960447130004505,-1.7699739170050157,5.924481307290232,-6.581011116226074,1,2
660,9.5314239875517,1.4005414735020711,9.143798400776507,4.59521153180565,0,0
661,4.826946249231748,-6.087622778157312,9.761853460585778,-10.060218203279822,0,1
662,10.355477532913458,0.20943620431853394,9.07268750025472,4.302386799274939,0,0
663,-3.750496853346678,-0.6911860144099288,6.355332720956259,-6.395343250112878,1,2
664,8.919990817664434,9.191721645060818,-6.787305977819246,1.5359766965953785,1,3
665,4.78336210070663,-5.9014073290256635,9.328909045008897,-9.466789164974308,0,1
666,7.597782644011936,9.542706309288482,-6.911542765935816,1.8811468824188944,1,3
667,4.6803837653417,-5.672507248040785,9.365595977584006,-9.657606303189743,0,1
668,6.846713614339382,10.396139466097909,-6.551547560233778,1.307873973770311,1,3
669,6.585453818085474,10.10512281796995,-6.767773526597224,2.1171039083458436,1,3
670,4.186084872414209,-4.5752372745095595,9.85415376188414,-9.58927790605129,0,1
671,9.033701959352415,1.0441868442625697,8.773933151500232,4.28115634844563,0,0
672,6.9739200101366805,9.697241135415739,-6.611513852425346,2.286297340398232,1,3
673,-5.806232876938614,-2.4228871636353686,5.6604231724827105,-5.5028858036880015,1,2
674,4.189193104002821,-5.2759388659928455,10.424220445972969,-9.922247241265309,0,1
675,7.36152520488484,10.160433205261272,-6.736919405827147,1.7736120263529362,1,3
676,-4.961546380018616,-1.3664140672588359,5.618056646773061,-6.344547893389176,1,2
677,3.9584186381020547,-6.462040314601724,10.204243521909206,-10.802142941917376,0,1
678,-3.917384198806878,-0.6828072469915549,5.676659122477825,-5.4661732021571705,1,2
679,3.8718018222845876,-4.992076030838877,9.36704790962612,-10.591223661096308,0,1
680,9.604738184150056,0.975605979469537,10.192336901142673,4.452633315165735,0,0
681,4.749764254193975,-6.168453485570183,10.329241372758117,-10.444450095837542,0,1
682,4.68107624989365,-5.674195240255191,9.116107279737557,-9.489576833611386,0,1
683,3.754571272189547,-6.270799683231003,9.598116675256502,-10.103698131735822,0,1
684,9.67783105188558,0.7393311466129593,10.017273113854182,4.313209039035728,0,0
685,9.780429015658113,1.161314146124414,8.955823547794148,4.362196803996192,0,0
686,6.777764781582495,9.903301617989467,-6.352673970474637,1.9064122934027998,1,3
687,-3.749508349537962,-1.2742830574415567,5.002249237676546,-7.041722646407159,1,2
688,9.595017582366836,0.7125396738484631,9.622023171236311,4.6855717417683085,0,0
689,-4.8893066777055525,-0.9937804899744932,5.684612022714335,-6.187728046141185,1,2
690,-5.307693699026154,-2.28608380874133,5.90015915318395,-5.99406685422322,1,2
691,4.831993254264201,-5.685660951287385,8.59879786426992,-9.413170057049362,0,1
692,9.78109405861586,-0.08624550189274349,9.474713791743609,4.316439582280174,0,0
693,7.651205023534711,10.1247861191048,-6.670939128440829,2.2306532943562223,1,3
694,9.579981335614509,2.035498966647225,8.612417427972776,4.107546590304734,0,0
695,10.288317100806898,0.321470177356334,10.369705822706543,3.534179142058857,0,0
696,9.377016320715182,1.2751363590013463,9.93076666983922,3.7176437785412855,0,0
697,6.303466103740362,9.309205346811991,-6.789595662265854,2.1566518265674057,1,3
698,-4.415345913886853,-0.44605233155997426,5.4754781919977065,-5.11579456005889,1,2
699,-5.203576308954816,-1.542519148547521,5.193722534068401,-5.89214389581975,1,2
700,7.604862880582612,9.325405011953551,-7.275749957374712,2.6443120992277054,1,3
701,-5.128196416746967,-1.1809745442641064,6.117405716920986,-6.598619527788796,1,2
702,9.835853958045748,1.6627707098642812,10.122616304695228,4.017036267569865,0,0
703,8.010768292761746,8.86290718562726,-6.637786718722359,2.5100910402170316,1,3
704,10.01894237290596,0.5989753552295524,9.66864297812292,4.004038522832774,0,0
705,-5.771961599186194,-1.016007127879759,5.7580147650575775,-6.412068692732779,1,2
706,-4.61534086461789,-1.6019789619110565,5.567342271266088,-7.3553431042118005,1,2
707,7.360892696043838,9.197345090877821,-6.11195943003183,2.594256007651373,1,3
708,8.170421385789654,10.268056010768639,-7.517331585131167,0.6062413513610461,1,3
709,4.871453652046355,-5.654076424718175,9.46228720999614,-10.585794166507652,0,1
710,9.167297999550845,1.0489191749137339,9.972929301544694,4.153626890331816,0,0
711,8.60893512377227,0.7705572707819797,8.898775795641432,5.368860754237197,0,0
712,3.3118382679258427,-5.851103427209077,9.205715992926892,-10.361778591691243,0,1
713,7.027294100699636,9.86764625063652,-6.972429362232716,2.075008167161691,1,3
714,3.7023620950700966,-5.126591665575292,9.716800333047933,-9.482809157163835,0,1
715,6.313556580676058,9.870471270633262,-6.545029699355513,1.4816525794822923,1,3
716,-4.996531141990175,-0.4859848920282557,6.26718054603726,-6.2880654118068735,1,2
717,-5.147292157462728,-1.2618616995428986,5.28306184589389,-6.179923094968776,1,2
718,8.573977421796604,0.6307101442612129,9.897470422055267,3.576939570693772,0,0
719,-5.458707689845856,-0.8030577338784631,5.323949813976482,-5.4625994247452505,1,2
720,6.727270167416801,9.691392856857746,-6.517228050503363,1.7672859639841878,1,3
721,-4.976353072388051,-2.2387694722849605,5.267730174367991,-5.827338334424112,1,2
722,7.305938815951032,9.689388027375209,-7.118077890802768,2.6156909706741933,1,3
723,4.470235868304415,-5.798852070925709,9.028603248991649,-10.797343139190993,0,1
724,-4.22996033723037,-1.0321121966408584,5.844072448030445,-5.855153130742584,1,2
725,9.150516296241172,1.3098353053517484,9.548244778567208,4.751162003159859,0,0
726,3.62145522652921,-5.348935012488376,9.577722744618901,-10.204189897115574,0,1
727,-5.859769996722912,-2.3761885672702965,5.71112568987084,-6.6458440446688565,1,2
728,4.079821596394286,-5.066681909069654,9.118849625843312,-10.097506802258522,0,1
729,4.311050935848782,-6.238528800085108,9.084992135604121,-10.03564408990404,0,1
730,7.34755504058942,8.681379193196479,-7.696822879225053,2.149652293950501,1,3
731,7.501239446623925,9.754976393893466,-7.210687483100171,2.3938502410601554,1,3
732,4.530451202076197,-5.610604231341861,9.925439728203296,-9.841278555534345,0,1
733,-5.468160068727434,-2.0131700673692157,6.570183101225964,-5.807345339949243,1,2
734,10.24625185786571,0.9827094118057359,10.638499270129897,4.161215016107666,0,0
735,4.393761009380903,-5.761427298414595,8.998635551208768,-9.887479329225402,0,1
736,4.308592992304898,-6.197834346030492,9.531472869146315,-9.851242109352151,0,1
737,-4.145195250971332,-0.8664645634691049,6.636289249502314,-5.372334499645227,1,2
738,3.3927589991504683,-4.679315688346108,9.786449306307329,-9.308946731318153,0,1
739,4.157101146808005,-5.694906678482146,9.105031280910165,-9.947784743050414,0,1
740,3.178569361289704,-5.21790487331455,9.084234277126336,-11.21209773207942,0,1
741,2.755506223383745,-5.94387082082603,9.716079164291074,-9.484448390425989,0,1
742,9.332139567802848,0.3330288786968916,9.524890470358047,5.186319913482314,0,0
743,3.775027621609088,-4.636961572461908,9.793686960589875,-9.546817642235471,0,1
744,10.080390937701845,0.6490859015878361,9.071591433042286,4.210314976174923,0,0
745,6.445172816372898,9.716999729016761,-7.267039619383306,2.410449048861995,1,3
746,9.722062306226174,0.9344383038218725,9.67889577971145,5.184504817303688,0,0
747,7.515322244676776,9.594725891462382,-6.82090683793524,2.477805956073741,1,3
748,3.2222345329668625,-5.346054652659632,8.94588800398273,-10.023361084085957,0,1
749,9.430136823914204,0.26763401440225143,10.698768920767941,4.517125193727353,0,0
750,-5.0084112592152685,-1.310007136342947,4.746609418219143,-6.320194237745923,1,2
751,-4.711766890891103,-1.1151426632652464,5.033022498288559,-5.7055285679771615,1,2
752,8.907204164272988,1.778053145728388,8.79148575643428,3.2760087517219505,0,0
753,-5.047595441578013,-0.9298354546228254,4.749312126544176,-6.692701012101294,1,2
754,3.1216686546349184,-5.922670630623034,9.576038919045477,-9.869274235123791,0,1
755,3.6663404475552617,-6.659033440411781,9.144818389187591,-8.724116927395693,0,1
756,9.404623090962971,1.8439270420201495,9.892666831578287,3.8199523268080244,0,0
757,7.530960515461935,9.63431309967544,-6.926582594189819,3.109776039759519,1,3
758,7.8371202193063905,9.763633089358589,-5.699666595487523,2.0665534755650548,1,3
759,8.313858711989058,10.693528896390573,-6.9055067613762064,1.5964616989853877,1,3
760,-4.90255508504934,-2.4475394067384455,6.085159238169907,-6.450878403824254,1,2
761,9.295808266364263,1.3085275717328866,10.238402259810663,5.167645105949552,0,0
762,4.280748480130765,-5.5720126346361845,9.664623867578515,-10.081837688377968,0,1
763,3.512407730861367,-6.892288294924915,9.566658920354742,-8.6460697201406,0,1
764,-5.208426494743351,-0.8362747886705221,5.427552549882719,-7.077756118602123,1,2
765,7.319372044164204,9.815930875400785,-6.488177276322393,2.1597188226697246,1,3
766,-4.518240592596885,-1.3584646414657915,5.363123851206206,-5.977679340775024,1,2
767,-4.774209060900516,-0.9662107065413819,5.354999068539943,-6.70964565314099,1,2
768,8.653370297452597,1.3780845683844003,9.032639574851524,4.23262262844305,0,0
769,-5.582389815969299,-1.7487990905002766,5.234409225727736,-5.050675863069388,1,2
770,8.845326155402175,0.38765195412871656,9.398126534091213,4.973697508377446,0,0
771,7.8040462480720585,10.140557050664375,-7.129028523678359,1.8708265360914738,1,3
772,-5.25364193735138,-0.9666599125516915,4.965318831651467,-7.141543109731472,1,2
773,-5.465878403534077,-1.7362274346072861,7.195747629482027,-6.696451212077142,1,2
774,3.246504224231238,-7.320083496707449,9.343761035357351,-10.164918516598291,0,1
775,-5.162914349065061,-0.954448473442383,5.388920258330317,-5.621764023596027,1,2
776,-5.019235350065372,-0.944087394477235,5.025443843349635,-5.516557143587813,1,2
777,4.524610438901547,-5.190816470874564,9.40585626156694,-9.935321055784156,0,1
778,3.505105004295101,-5.255010540569497,9.634750654472356,-10.158746521449615,0,1
779,7.322921452677161,10.507103334975692,-6.719275380470497,1.6092872629615755,1,3
780,8.407809464929949,1.046893075538801,10.192544501494337,4.799869021528734,0,0
781,9.244772383121056,1.0478444477850895,9.229028181452644,4.797578324731001,0,0
782,-5.579937890220105,-0.9757817932979054,5.763803696249106,-7.012632647707197,1,2
783,9.863054526711753,1.180639106353445,9.383199050672518,4.714474828500172,0,0
784,-4.9910226914767515,-1.6510105504564112,4.996075188085419,-6.327154248620071,1,2
785,-4.822644386708652,-1.054344173190933,5.524171938572604,-5.05182768264158,1,2
786,9.277318888041917,0.2903347388252491,10.196550203748153,4.51529778630303,0,0
787,4.3603139493280345,-5.670821533093138,8.662015294144162,-9.915076292905528,0,1
788,6.292206576836406,9.032597755320392,-6.2056764508234625,0.847732850456206,1,3
789,3.9195849611454685,-5.661442322896617,10.668961702465515,-10.459225077678674,0,1
790,6.411078374375253,9.399835373897528,-7.0063754564332985,1.9662813630475129,1,3
791,8.56563166357564,2.1348253890911923,9.228080121910585,4.552747354787421,0,0
792,9.287915414986779,1.035283285981098,9.441986677589108,4.19597568848851,0,0
793,7.402954183720175,9.110713132438011,-6.81933905349815,1.5438197458917486,1,3
794,4.3743366346251245,-5.217593927515912,9.26938576438471,-9.94415515509941,0,1
795,9.413665742544714,0.6530632819413563,10.36519595464379,4.588545958597432,0,0
796,8.502919456131126,0.5552227146108173,9.386816792072093,3.711218599313373,0,0
797,9.231972384700642,0.2328697428926133,10.074846931568183,4.098256610426723,0,0
798,7.813486751346306,8.702089291265974,-6.901087005722486,1.8957718341506737,1,3
799,8.534682692708568,1.6464863140521602,9.433065698511706,4.983386132229574,0,0
800,7.079656403310814,10.666258452372306,-6.225659603472744,2.2436158100454597,1,3
801,5.099647178225855,-6.523529206469274,9.420879930403625,-10.636602628574789,0,1
802,8.108151620158909,9.022576085080948,-6.636353898538524,2.420897320924798,1,3
803,10.117331207268043,0.3359607524262529,9.424707354594698,3.866993476922143,0,0
804,3.3293292632481752,-5.137175820699266,9.36920903563028,-9.73444084626652,0,1
805,7.370599803620867,9.896999050507567,-6.590406521300993,2.144645038627284,1,3
806,-4.444441596619998,-1.1960225975302663,6.237756505924202,-5.244403330046019,1,2
807,-5.053243048940304,-0.9195641660068636,6.071206529440327,-6.503973931464191,1,2
808,-4.501980069929824,-3.104376430177874,5.479560487500243,-6.208015118793173,1,2
809,-4.458801347943647,-1.1218958960766787,5.994574279034237,-6.131281957743264,1,2
810,8.018018057370488,10.184738886022071,-6.086644615189956,1.358498959168568,1,3
811,-4.703189526742235,-2.079437284828389,5.490833951081338,-6.001364719599057,1,2
812,3.189288051352329,-6.221816077581934,10.158548677135085,-9.554915936338356,0,1
813,8.10234936461691,9.601466653508817,-6.6059736119959735,1.483889127636685,1,3
814,-4.862225422066864,-0.8789997915345444,5.958080985356387,-6.6891525999793116,1,2
815,6.684143462294323,9.850241346746744,-6.841329289171446,2.205539744684732,1,3
816,6.650684997902876,9.973817729029744,-5.941688641654655,2.532417154275508,1,3
817,3.9325687316244538,-5.504045875642026,9.057091668439057,-9.493834343698362,0,1
818,9.697190616335641,1.6797074834731052,10.051516499107276,4.270586794869698,0,0
819,4.416433677796652,-5.993413943232121,8.889255676794988,-9.814039785480821,0,1
820,6.806877766149176,9.87549367509011,-6.14462432889779,2.9485122139782742,1,3
821,7.0760168009627,10.743595391703645,-7.611944738104215,1.6689528847981194,1,3
822,-5.401098491785065,-1.365243252956106,5.724355425013303,-6.125888698203309,1,2
823,7.544218703828403,10.096217711177882,-7.180421424439313,1.9664278548258602,1,3
824,8.130813752533626,8.982846291171757,-8.009551477910078,2.412270048861733,1,3
825,7.123764949031109,9.809445486860312,-5.924319300339419,2.5388257761722803,1,3
826,4.160427054054022,-5.267799584026121,9.305437350331616,-10.287840024313864,0,1
827,4.6161963323935495,-5.778441041225024,8.783775454024784,-11.092628895469492,0,1
828,-4.702557730784857,-0.24550982763080098,5.660682712398496,-7.140085693678617,1,2
829,7.619529914660626,10.394877228691657,-6.774590960445538,2.4003088276209557,1,3
830,4.092368987817187,-5.892954146640455,9.01557434549054,-10.225201979181788,0,1
831,9.68417505201662,0.8269573082571848,9.682199772105557,5.266463036356812,0,0
832,-5.078804501240607,-0.746396209729386,5.789795702195099,-6.291259013233529,1,2
833,-4.277531034612578,-1.3922991157536175,5.913467997334321,-5.939897590281675,1,2
834,-4.747460211661224,-1.4122263878196155,4.956708413555758,-5.583936664173553,1,2
835,9.869523082829186,0.7434803468470046,9.91791349020607,4.8842425468650115,0,0
836,8.915359403457982,-0.41360863345817234,9.651020064268309,3.6256144484265023,0,0
837,-4.391926235395495,-1.2106518167923972,6.330224394384047,-6.468375741796805,1,2
838,3.8320086046764446,-5.722321856451668,9.279603925610015,-10.085747450814532,0,1
839,8.957043719694138,1.226714098064138,9.434653023135079,4.2387168103114705,0,0
840,4.142254942652165,-5.494768498010955,9.657052025984704,-10.773520885622945,0,1
841,-5.352658001802163,-2.526061481900756,5.038414744487616,-5.582261052210544,1,2
842,10.155762387119058,0.37293035707057665,9.598868070923512,4.8132844561318855,0,0
843,9.466147238522442,0.6008358769524277,9.310423350176865,4.097925482928949,0,0
844,-4.651643797260917,-1.0959247377455528,5.0205165329431365,-5.688520693657821,1,2
845,4.010859204134427,-5.826700794780206,9.8323331855075,-8.120333529754497,0,1
846,7.779367681972199,1.3706346164245082,9.591412622537481,4.8603057004633055,0,0
847,5.514905365889411,-5.44799540218853,9.591487160533255,-10.401267824322293,0,1
848,8.374919407330962,0.4708132215417321,9.741192899768333,4.410502068973443,0,0
849,-4.961913547695587,-1.536314471430897,5.100289772765385,-5.936594841898866,1,2
850,3.1977805993678747,-4.88780855404113,9.320991666645705,-9.527586487460207,0,1
851,7.673844264437269,10.467745278260724,-8.180150422853798,2.102144021432132,1,3
852,9.12511626249269,1.3658402256962936,10.121411614073129,3.6270851203655075,0,0
853,5.954312668926827,9.215961381947801,-6.852363737490538,1.8122309702286148,1,3
854,3.885168363875519,-6.06293733809834,10.033755728100468,-9.768342971301163,0,1
855,9.724892429091174,0.6678328458303914,9.112285208572748,4.8543454772665005,0,0
856,7.579845921094608,8.246333687396803,-6.490168142105004,1.6805393142121237,1,3
857,5.133175321938295,-5.084293403488435,10.021700837167856,-9.827446293811391,0,1
858,7.245627883653128,9.353983659434608,-6.539823079378495,2.1308883942737116,1,3
859,6.9773505397845215,9.572037253594447,-6.98975628612626,2.8860272922933077,1,3
860,6.587502068729695,9.446428392833324,-6.813835834123604,2.5171387786617334,1,3
861,10.00938429870281,1.4055568204843807,9.787148792168683,4.272415169170952,0,0
862,3.9800501617650546,-5.449216287685016,9.795308628062623,-9.872614136463682,0,1
863,2.9903818158675133,-5.600307527082004,9.349319583850882,-9.969862067427107,0,1
864,7.660639668486826,9.340037551427317,-7.001691374689325,1.675149863537491,1,3
865,4.060683301193087,-5.561304899840938,9.145195357336462,-9.17505766791506,0,1
866,8.82143075130197,1.137140195651314,10.020161774719798,4.179503417812708,0,0
867,-5.167594589808754,-1.5665510268999345,4.879040481819004,-6.301471874970568,1,2
868,-3.8994795133839313,-1.1803579444551264,5.438212231414562,-5.885299312789774,1,2
869,-4.729968258113491,-1.6334658495371321,6.364165669279313,-6.676228467469266,1,2
870,8.538271780416437,1.4172647975147572,9.418041538899415,3.246572243378325,0,0
871,3.3790567692076325,-5.980769503602078,9.6050580385302,-10.057476090935896,0,1
872,3.641026986908333,-5.625173682487281,10.186095829641095,-10.49136710287347,0,1
873,6.740406028393879,9.276101771656984,-6.495939365171784,2.236411874525719,1,3
874,4.053611163754194,-6.494144371045779,10.135322977296761,-9.754790347681485,0,1
875,8.03662334808907,9.614687515164853,-6.904516171044471,1.3871238223372628,1,3
876,-4.547091261852435,-1.1253167854313273,4.972780093677697,-5.767330229027149,1,2
877,-5.3174292052415115,-1.1706819436499845,4.450414514118387,-6.463671925077612,1,2
878,9.271825241722876,1.094937003408939,9.24708509503294,3.6110249409888993,0,0
879,3.384908689083116,-6.2609041720144925,9.028950994017293,-10.052679426587657,0,1
880,9.954991962767627,0.977927341805438,9.23276822212239,3.516211552942088,0,0
881,-5.359657635846035,-1.5883944551485016,5.404098131293908,-5.43924679510781,1,2
882,3.5984754018796687,-4.766681889636937,9.188686406061528,-10.070229725074741,0,1
883,-5.222633890591978,-1.0011702464085181,6.357717634178349,-6.148283218974552,1,2
884,-4.737488300019356,-1.7736839023115474,5.990716201917538,-6.080957722435113,1,2
885,3.3621166111726586,-5.113834453874265,9.021164932399765,-9.524266425967209,0,1
886,-5.048664954249873,-1.4099740328261003,4.986015206709264,-6.194791593486865,1,2
887,7.219937766578519,9.402091361506919,-6.367451653519947,0.9180286331067706,1,3
888,3.411474510543825,-5.945485050003239,9.251144091956162,-9.777878033507081,0,1
889,7.405450017542419,10.14450467312773,-7.677980233851846,3.1555087376763913,1,3
890,4.879610459255358,-6.384386888668802,9.898553736380078,-10.418639532091845,0,1
891,9.684140156116547,0.9451855377342235,8.94924987005043,4.610948142413897,0,0
892,6.367323125511454,9.444734058099415,-6.753186525288808,1.9262657652237984,1,3
893,-5.276528567949925,-1.4583475457861357,6.111011142283408,-5.330984185124694,1,2
894,4.002978254647185,-4.488671001284214,9.188451075724757,-9.884783930354905,0,1
895,-5.585452606308171,-0.4940480613851763,6.010856877577176,-6.794403462660508,1,2
896,-5.626976525155916,-1.5449261394580769,6.479648968796286,-5.9054482205844785,1,2
897,-5.438564782919555,-2.7501328142603976,5.466070927319886,-6.787247808362794,1,2
898,-5.879661156149976,-1.7824886123825066,5.776865227980728,-5.478350243005967,1,2
899,-6.262848936566609,-1.6330601668871898,5.5479160564386705,-6.042947682844936,1,2
900,4.298257329361758,-5.2714490490718156,9.75742662769065,-10.446525011816025,0,1
901,4.154758873584314,-5.039343254483502,9.134677703745703,-9.004642157552212,0,1
902,6.599298938894695,8.659000536157151,-6.7657552583989835,1.742278393366246,1,3
903,9.162970304200462,1.2272020529555063,9.71557600452929,4.369897381141632,0,0
904,3.6108103084778564,-5.4568271419530365,8.242791791595145,-10.15608353283369,0,1
905,3.449351066152146,-5.865120883394282,9.029405951266,-10.135001961484871,0,1
906,4.122898357439331,-5.2474814092887705,9.65389956886554,-10.29024003863946,0,1
907,3.820597267780883,-5.489463151795114,9.952957093055904,-9.253004666043907,0,1
908,3.6815586247353496,-6.37856172523825,9.71993334065849,-11.067315067172961,0,1
909,7.257793525833793,9.494009298360405,-6.820804459525956,1.3551968488080188,1,3
910,6.7619149434919565,9.930877061644036,-6.777689631789287,2.4429241415946032,1,3
911,9.27448953126276,-0.41991216323827474,9.048761569083895,3.757816068255782,0,0
912,7.7205412173893135,8.876604200087629,-5.050700184312789,1.2672947145677493,1,3
913,4.68042858831398,-5.052785593202842,9.0156564175364,-9.740679590846835,0,1
914,-5.162656918379386,-1.8026650175020578,5.387529320735982,-6.2565343139099845,1,2
915,9.86400081557979,0.7508279350683119,8.839298944509789,4.000530074764564,0,0
916,2.7518626449878947,-5.848177642631368,9.39496559356422,-9.269758542492184,0,1
917,-4.771992046381177,-1.5226867123073182,5.217975184475372,-6.965597019525626,1,2
918,4.38061393769294,-6.7747692229881515,8.861655639727228,-10.36227624783957,0,1
919,7.519419968198934,10.729796633255416,-6.880391578601187,2.2331575447356746,1,3
920,7.662604909793098,9.807037484559661,-5.666973018311057,2.2193491305061173,1,3
921,8.151077657190374,9.939751174136441,-6.455303941632317,1.8265647028953917,1,3
922,9.908184816352207,1.2020107799624966,8.416043848628917,4.74265282839872,0,0
923,9.357016070865564,1.1748689027479098,10.230522915210834,3.41161846217999,0,0
924,9.435788907670942,1.287840936153882,8.97200039692029,4.066651142439178,0,0
925,6.838997082759412,9.357081012697401,-6.957732831438795,2.1622817776626215,1,3
926,7.283038192451173,10.104512321551608,-6.934254636592175,2.5837504708889925,1,3
927,8.642718011634582,1.781596904076339,9.017770979854905,4.2459846027667245,0,0
928,6.945579975590981,10.388910932464368,-6.280369026917032,1.616846192163772,1,3
929,-4.52165237944092,-1.8994772007315013,5.677044822572544,-6.863960831537819,1,2
930,-6.145945834239206,-1.5948710050590058,6.47588653286104,-6.690977886350961,1,2
931,7.5547814531530255,11.055394497499446,-6.118146366404586,2.57726306907321,1,3
932,3.733333526086594,-5.583790728811899,10.975079730701133,-10.312502488132887,0,1
933,-4.716568745174058,-0.15609643599902956,4.947829777370361,-5.583724834335292,1,2
934,8.595121399407795,0.3641808610085082,9.442577260253168,4.363573599666851,0,0
935,6.800676611349392,9.706574013915088,-7.448240476249712,1.599393647584054,1,3
936,4.013882907022271,-5.656757987052574,9.144636212335033,-9.514146776526237,0,1
937,7.063780799356565,8.90627719658115,-7.201939781069051,2.572758394405856,1,3
938,4.071538685069294,-5.65579513750925,9.439091459194158,-10.270550306619201,0,1
939,9.367814464019588,1.0502868573261481,9.570902752843473,4.086630720243779,0,0
940,-5.156206605128812,-0.8877609218705926,5.889324910864085,-6.454608439471521,1,2
941,9.560430722691102,1.0251971570336331,8.484762490011637,4.657752680304853,0,0
942,4.416871582689134,-5.892244524522448,9.63626287793677,-9.029980622745693,0,1
943,9.163468900359057,-0.33938632596872664,9.611722930303385,4.595117557669198,0,0
944,7.597177383229948,10.616898133065527,-5.3193011559300345,1.4436304802707642,1,3
945,6.599520395503935,9.742608602154974,-7.416850445869191,1.852156306741645,1,3
946,10.254325175474062,0.887364103029135,9.443721758076535,4.727304439320057,0,0
947,6.726944190665416,9.579095794059112,-6.548379017688516,1.564030971715081,1,3
948,4.0880973842073765,-5.66013101699069,9.973307560897954,-10.188413176941346,0,1
949,7.199310486208771,9.524548682452158,-7.004247185324677,2.5873453256590153,1,3
950,-5.4386324088965505,-1.8539933155062815,4.965408075598665,-4.853936529424669,1,2
951,-4.577263362003264,-1.9267211924027667,5.767723194737825,-5.7205624909816795,1,2
952,-4.420596062845945,-1.0553341691234956,5.641798388851723,-5.435687823928578,1,2
953,6.957169126912183,9.541914231033871,-7.278271015681083,2.658054596885965,1,3
954,8.813579977116136,0.8187466855752301,10.169100120700332,4.366703217313602,0,0
955,9.896689014946126,1.8014582511893371,9.548637995694236,4.332346922788269,0,0
956,4.797304051110553,-6.233163808570007,9.255038733305133,-9.674770427237801,0,1
957,-4.580966125329202,-1.1826204410685948,5.806413267379787,-6.009152107962643,1,2
958,-4.868942542938509,-1.4272610054172283,6.253951659354446,-5.8765756772748015,1,2
959,9.415926370176004,1.991601674655564,9.485639210771502,4.055650490829695,0,0
960,-5.497651896319628,-0.17873581115550374,5.368269864842429,-5.580520812357335,1,2
961,9.259258607541257,1.2291660315501978,10.687683049786608,4.899795098415877,0,0
962,9.537376084155154,0.5904422671004026,9.576947497537002,5.172510449687338,0,0
963,-4.462418581847234,-0.8616676699437396,5.922743028285297,-5.3610172106001865,1,2
964,7.239175267846907,10.66044115467712,-7.885021008585048,1.9393143775675414,1,3
965,3.3421563538163754,-5.641748375263762,10.172763233168835,-9.621586998559136,0,1
966,-4.737673718797503,-1.165369960932784,5.427170123953772,-5.835278845690044,1,2
967,-4.168373925171367,-1.3659523456258598,5.693393311312774,-7.504253314127867,1,2
968,3.4044082384406056,-5.204253487942,10.133332989788236,-9.824724700503014,0,1
969,-5.425958321904503,-0.796249645315142,5.285682565254556,-5.638370734135126,1,2
970,9.116376708180049,1.3082610921495865,10.22560215001214,3.215634480397731,0,0
971,7.55966439486132,9.870421365610598,-8.038985168467539,1.6671637629384088,1,3
972,9.793694828462387,0.20005634691031093,8.907266776281134,5.020129468251673,0,0
973,4.0406002302306705,-4.798610673934517,10.10652704101572,-9.246981786351556,0,1
974,7.7134473666918595,9.745190476004181,-6.046685823505821,1.7710493070868374,1,3
975,3.9584003460397916,-4.573291646593857,10.19391269508237,-8.876162342855823,0,1
976,6.996863667151802,10.104598048511676,-7.441417403069452,1.9968396901026064,1,3
977,-5.123758048226215,-1.9716018391557786,5.563643293586766,-5.948959016823283,1,2
978,4.674118338469853,-5.261874900914065,10.825695264748472,-10.453523783078927,0,1
979,3.2561088988345244,-3.317072078750754,10.009107256471475,-9.691418608718548,0,1
980,4.643185466248763,-6.215812546706833,9.58921662688654,-10.425632560629069,0,1
981,8.750307115253493,0.5241639483254685,9.166297438703143,4.176558651540404,0,0
982,4.5592539964728624,-5.961308348415175,9.726416918840917,-10.48734365189015,0,1
983,10.052815205976039,0.5819640450487367,9.542430140001782,5.41076636263351,0,0
984,7.125592281066622,10.199317001360326,-6.55817260370322,2.545659222792136,1,3
985,7.271614095635529,9.191284835629256,-6.547861994028094,1.7802608444998314,1,3
986,6.766842291690583,10.183557326962392,-7.158421483629178,2.1666298467682705,1,3
987,3.4835382529937657,-5.968331851345748,9.41448613490615,-10.061043197087216,0,1
988,3.7827645933861787,-5.933220467714803,8.219513710335702,-9.98903925875207,0,1
989,8.975910313608845,1.2484177162203118,9.480570697724472,2.9757986390008213,0,0
990,4.998411743265792,-5.484043491319062,9.553068350457028,-10.074121252645973,0,1
991,7.7249532583903004,8.698093246114913,-5.922706984219599,1.7998510304566022,1,3
992,4.127187538535833,-5.2256695479284225,9.600558223376467,-10.310599869085566,0,1
993,9.288940018510088,0.8231872634049167,10.241831498353818,4.041401114853255,0,0
994,-3.941742404150563,-2.0211808058861154,5.338422433114879,-6.726175297491584,1,2
995,-5.638630251376102,-1.8732980777493884,6.2679397429395785,-6.849829539843396,1,2
996,-5.180690883286766,-2.2002801759994934,4.903395866688595,-6.851788731758074,1,2
997,-4.650477993925958,-0.12949387732908124,5.700118242934292,-6.494828060074599,1,2
998,-5.5920543942962855,-0.9039992423016444,5.214052807116373,-5.934645391496444,1,2
999,-5.884929486936669,-1.7519754527725717,4.583247704071065,-6.023796993233804,1,2
